Model,Total_Errors,Error_Rate_%,Avg_FP_Rate_%,Avg_FN_Rate_%,Macro_Precision,Macro_Recall,Macro_F1,Weighted_Precision,Weighted_Recall,Weighted_F1
XGBoost,216,7.932427469702534,1.4156330459828663,6.855487304849061,0.9357998180423427,0.9314451269515095,0.9335458736923605,0.9208739854610478,0.9206757253029747,0.9206737955278812
TabPFN v2,192,7.051046639735587,1.2512113648406726,6.080601022094783,0.9420124879258631,0.9391939897790522,0.9404490251224047,0.9294801052895104,0.9294895336026442,0.9293618939677283
TabICL,191,7.014322438486962,1.2443574483172217,6.00852512094803,0.9418140660475222,0.9399147487905198,0.9407874832172004,0.9297310245361651,0.9298567756151304,0.9297137658208932
FT-Transformer,204,7.491737054719059,1.3397907449524848,6.593248760689826,0.9405775788476985,0.9340675123931018,0.9371278124486151,0.9259924876910675,0.9250826294528094,0.9253181997054141
