Model,Total_Errors,Error_Rate_%,Accuracy,Precision_Weighted,Recall_Weighted,F1_Weighted,Precision_Macro,Recall_Macro,F1_Macro,Precision_Std,Recall_Std,F1_Std
XGBoost,216,7.932427469702534,0.9206757253029747,0.9208739854610478,0.9206757253029747,0.9206737955278812,0.9357998180423427,0.9314451269515095,0.9335458736923605,0.04170682243102832,0.042618453708810324,0.041420066624468135
TabPFN v2,192,7.051046639735587,0.9294895336026442,0.9294801052895104,0.9294895336026442,0.9293618939677283,0.9420124879258631,0.9391939897790522,0.9404490251224047,0.03458274041434675,0.041199249150066265,0.03618103602861364
TabICL,191,7.014322438486962,0.9298567756151304,0.9297310245361651,0.9298567756151304,0.9297137658208932,0.9418140660475222,0.9399147487905198,0.9407874832172004,0.03351008535431837,0.03988057579279415,0.03590707264856875
FT-Transformer,204,7.491737054719059,0.9250826294528094,0.9259924876910675,0.9250826294528094,0.9253181997054141,0.9405775788476985,0.9340675123931018,0.9371278124486151,0.04420761962633841,0.037137443916998705,0.03867618529503252
