Class,Precision,Recall,F1-Score,Support
No Purchase,0.9306930693069307,0.9472168905950096,0.9388822829964328,2084
Purchase,0.6811594202898551,0.6151832460732984,0.6464924346629985,382
