,model_name,accuracy,balanced_accuracy,precision,recall,f1,mcc,train_time,inference_time,predictions_per_second,auc_roc,avg_precision,log_loss,brier_score,cv_f1_mean,cv_f1_std
XGBoost,XGBoost,0.897404703974047,0.7618491925515772,0.7128712871287128,0.5654450261780105,0.6306569343065693,0.5771812301998798,0.3451261520385742,0.00330352783203125,746474.7159353349,0.9212499120700224,0.71780539707257,0.24760484647756786,0.0758303325336259,0.6337723384992646,0.020686159104574137
TabPFN v2,TabPFN v2,0.9010543390105434,0.7746982745626112,0.7197452229299363,0.5916230366492147,0.6494252873563218,0.5963215557326235,0.5356056690216064,7.834489107131958,314.7620688827214,0.9325526826180021,0.7532847268223615,0.22535562028789824,0.07017652238629678,0.6675807197917174,0.019887910984134023
TabICL,TabICL,0.8994322789943228,0.7705316497673624,0.7147435897435898,0.5837696335078534,0.6426512968299712,0.5888822565417122,0.5935828685760498,11.31125283241272,218.01298552301884,0.9339501411904212,0.7542744838603925,0.22269383508278415,0.0697134698146706,0.6665211302390531,0.024492062438070478
FT-Transformer,FT-Transformer,0.8957826439578265,0.781200068334154,0.6811594202898551,0.6151832460732984,0.6464924346629985,0.5866054242589961,2.1457672119140625e-06,0.04484748840332031,54986.35682388466,0.9219910361668558,0.7335126851837732,0.24319272494096528,0.07404248308893813,,
