Class,Precision,Recall,F1-Score,Support
No Purchase,0.9261838440111421,0.9572936660268714,0.9414818310523831,2084
Purchase,0.7147435897435898,0.5837696335078534,0.6426512968299712,382
