Class,Precision,Recall,F1-Score,Support
No Purchase,0.9275092936802974,0.9577735124760077,0.9423984891406988,2084
Purchase,0.7197452229299363,0.5916230366492147,0.6494252873563218,382
