Class,Precision,Recall,F1-Score,Support
No Purchase,0.9232547387887193,0.958253358925144,0.940428537791382,2084
Purchase,0.7128712871287128,0.5654450261780105,0.6306569343065693,382
