mse,rmse,mae,r2_score,mape,explained_variance
2194.9272,46.85005,29.75107,0.9306837583985895,0.34272337,0.9308979511260986
