mse,rmse,mae,r2_score,mape,explained_variance
0.15546183,0.39428648,0.28653938,0.5509583449121709,0.06620349,0.5524293184280396
