mse,rmse,mae,r2_score,mape,explained_variance
0.17280139,0.41569388,0.29685798,0.5008741152271186,0.06752881,0.507348895072937
