mse,rmse,mae,r2_score,mape,explained_variance
1802.5966,42.456997,2.2041345,-5205.685862822563,0.50451493,-5201.56201171875
