Model,Total_Errors,Error_Rate_%,False_Positives,False_Negatives,FP_Rate_%,FN_Rate_%,Precision_Class_0,Precision_Class_1,Recall_Class_0,Recall_Class_1,F1_Class_0,F1_Class_1
XGBoost,253,10.259529602595297,87,166,4.174664107485604,43.455497382198956,0.9232547387887193,0.7128712871287128,0.958253358925144,0.5654450261780105,0.940428537791382,0.6306569343065693
TabPFN v2,244,9.89456609894566,88,156,4.222648752399232,40.83769633507853,0.9275092936802974,0.7197452229299363,0.9577735124760077,0.5916230366492147,0.9423984891406988,0.6494252873563218
TabICL,248,10.05677210056772,89,159,4.27063339731286,41.62303664921466,0.9261838440111421,0.7147435897435898,0.9572936660268714,0.5837696335078534,0.9414818310523831,0.6426512968299712
FT-Transformer,257,10.421735604217357,110,147,5.278310940499041,38.481675392670155,0.9306930693069307,0.6811594202898551,0.9472168905950096,0.6151832460732984,0.9388822829964328,0.6464924346629985
