mse,rmse,mae,r2_score,mape,explained_variance
1948.3683,44.140324,27.956554,0.938470141775655,0.394057,0.938774585723877
